,id,group,temp,n_tokens,is_solution,score_sign,time
0,g0ktlz6i,whole-sweep-3,0.6,307,1,1,24.795344352722168
1,g0ktlz6i,whole-sweep-3,0.6,328,0,-1,22.81442952156067
2,g0ktlz6i,whole-sweep-3,0.6,398,0,-1,27.65945529937744
3,g0ktlz6i,whole-sweep-3,0.6,273,1,1,21.91735553741455
4,g0ktlz6i,whole-sweep-3,0.6,81,0,1,7.888618469238281
5,g0ktlz6i,whole-sweep-3,0.6,285,0,-1,19.981579542160034
6,g0ktlz6i,whole-sweep-3,0.6,320,0,-1,22.070226669311523
7,g0ktlz6i,whole-sweep-3,0.6,330,0,-1,22.59112238883972
8,g0ktlz6i,whole-sweep-3,0.6,647,0,-1,45.58259201049805
9,g0ktlz6i,whole-sweep-3,0.6,48,0,1,5.77085542678833
10,g0ktlz6i,whole-sweep-3,0.6,396,0,-1,28.211288928985596
11,g0ktlz6i,whole-sweep-3,0.6,47,0,1,5.6889965534210205
12,g0ktlz6i,whole-sweep-3,0.6,56,0,1,6.280210971832275
13,g0ktlz6i,whole-sweep-3,0.6,342,0,-1,23.61037826538086
14,g0ktlz6i,whole-sweep-3,0.6,41,0,1,5.331191062927246
15,g0ktlz6i,whole-sweep-3,0.6,50,0,1,5.878745794296265
16,g0ktlz6i,whole-sweep-3,0.6,260,0,-1,17.83121657371521
17,g0ktlz6i,whole-sweep-3,0.6,50,0,1,5.877513647079468
18,g0ktlz6i,whole-sweep-3,0.6,596,0,-1,43.01965045928955
19,g0ktlz6i,whole-sweep-3,0.6,41,0,1,2.7571232318878174
20,g0ktlz6i,whole-sweep-3,0.6,47,0,1,5.704672813415527
21,g0ktlz6i,whole-sweep-3,0.6,279,0,-1,19.345083951950073
22,g0ktlz6i,whole-sweep-3,0.6,254,0,-1,17.41535234451294
23,g0ktlz6i,whole-sweep-3,0.6,567,0,-1,39.08134698867798
24,g0ktlz6i,whole-sweep-3,0.6,622,0,-1,43.22724962234497
25,g0ktlz6i,whole-sweep-3,0.6,429,0,-1,29.27795672416687
26,g0ktlz6i,whole-sweep-3,0.6,468,0,-1,32.40327000617981
27,g0ktlz6i,whole-sweep-3,0.6,531,0,-1,36.446401834487915
28,g0ktlz6i,whole-sweep-3,0.6,326,0,-1,22.336207151412964
29,g0ktlz6i,whole-sweep-3,0.6,269,0,-1,18.443711757659912
30,g0ktlz6i,whole-sweep-3,0.6,267,0,-1,18.498788118362427
31,g0ktlz6i,whole-sweep-3,0.6,338,0,-1,23.238296508789062
32,g0ktlz6i,whole-sweep-3,0.6,300,0,-1,20.802573442459106
33,g0ktlz6i,whole-sweep-3,0.6,42,0,1,5.358761787414551
34,g0ktlz6i,whole-sweep-3,0.6,279,0,1,21.91494131088257
35,g0ktlz6i,whole-sweep-3,0.6,291,0,-1,20.224772214889526
36,g0ktlz6i,whole-sweep-3,0.6,584,0,-1,40.01156830787659
37,g0ktlz6i,whole-sweep-3,0.6,325,0,-1,21.75108003616333
38,g0ktlz6i,whole-sweep-3,0.6,293,0,-1,19.61392569541931
39,g0ktlz6i,whole-sweep-3,0.6,512,0,-1,34.326709508895874
40,g0ktlz6i,whole-sweep-3,0.6,286,0,-1,19.26485562324524
41,g0ktlz6i,whole-sweep-3,0.6,466,0,-1,31.29859209060669
42,g0ktlz6i,whole-sweep-3,0.6,256,0,-1,17.163694620132446
43,g0ktlz6i,whole-sweep-3,0.6,396,0,-1,26.52653431892395
44,g0ktlz6i,whole-sweep-3,0.6,576,0,-1,38.91409420967102
45,g0ktlz6i,whole-sweep-3,0.6,390,0,-1,26.012831926345825
46,g0ktlz6i,whole-sweep-3,0.6,608,0,-1,41.97053861618042
47,g0ktlz6i,whole-sweep-3,0.6,295,0,-1,19.59968614578247
48,g0ktlz6i,whole-sweep-3,0.6,303,0,1,22.9511878490448
49,g0ktlz6i,whole-sweep-3,0.6,545,0,-1,36.616612911224365
50,g0ktlz6i,whole-sweep-3,0.6,264,0,-1,17.562998056411743
51,g0ktlz6i,whole-sweep-3,0.6,403,0,-1,26.767559051513672
52,g0ktlz6i,whole-sweep-3,0.6,469,0,-1,31.495583057403564
53,g0ktlz6i,whole-sweep-3,0.6,276,0,-1,18.479551792144775
54,g0ktlz6i,whole-sweep-3,0.6,49,0,1,5.602884531021118
55,g0ktlz6i,whole-sweep-3,0.6,277,0,-1,18.323126554489136
56,g0ktlz6i,whole-sweep-3,0.6,380,0,-1,25.091830492019653
57,g0ktlz6i,whole-sweep-3,0.6,383,0,-1,25.655861139297485
58,g0ktlz6i,whole-sweep-3,0.6,358,0,-1,24.96857523918152
59,g0ktlz6i,whole-sweep-3,0.6,287,0,-1,19.23608946800232
60,g0ktlz6i,whole-sweep-3,0.6,312,0,-1,20.66552472114563
61,g0ktlz6i,whole-sweep-3,0.6,249,0,-1,16.807664155960083
62,g0ktlz6i,whole-sweep-3,0.6,286,0,-1,19.188776969909668
63,g0ktlz6i,whole-sweep-3,0.6,440,0,-1,29.39583158493042
64,g0ktlz6i,whole-sweep-3,0.6,321,0,-1,21.493902683258057
65,g0ktlz6i,whole-sweep-3,0.6,715,0,-1,48.60886526107788
66,g0ktlz6i,whole-sweep-3,0.6,277,0,-1,18.384024143218994
67,g0ktlz6i,whole-sweep-3,0.6,262,0,-1,17.468684196472168
68,g0ktlz6i,whole-sweep-3,0.6,42,0,1,2.6777665615081787
69,g0ktlz6i,whole-sweep-3,0.6,481,0,-1,32.04724097251892
70,g0ktlz6i,whole-sweep-3,0.6,395,0,-1,26.25899052619934
71,g0ktlz6i,whole-sweep-3,0.6,480,0,-1,32.943458557128906
72,g0ktlz6i,whole-sweep-3,0.6,266,0,-1,17.699679851531982
73,g0ktlz6i,whole-sweep-3,0.6,761,0,-1,52.468889474868774
74,g0ktlz6i,whole-sweep-3,0.6,274,0,-1,18.216530084609985
75,g0ktlz6i,whole-sweep-3,0.6,286,0,-1,19.137344121932983
76,g0ktlz6i,whole-sweep-3,0.6,51,0,1,5.725644588470459
77,g0ktlz6i,whole-sweep-3,0.6,306,0,-1,20.31268334388733
78,g0ktlz6i,whole-sweep-3,0.6,280,0,-1,18.741436004638672
79,g0ktlz6i,whole-sweep-3,0.6,439,0,-1,29.047741651535034
80,g0ktlz6i,whole-sweep-3,0.6,266,0,-1,17.680667400360107
81,g0ktlz6i,whole-sweep-3,0.6,291,0,-1,19.27951955795288
82,g0ktlz6i,whole-sweep-3,0.6,659,0,-1,44.905335903167725
83,g0ktlz6i,whole-sweep-3,0.6,300,0,-1,20.063369512557983
84,g0ktlz6i,whole-sweep-3,0.6,348,0,-1,23.19786834716797
85,g0ktlz6i,whole-sweep-3,0.6,49,0,1,5.630405426025391
86,g0ktlz6i,whole-sweep-3,0.6,392,0,-1,26.165730476379395
87,g0ktlz6i,whole-sweep-3,0.6,550,0,-1,37.09065556526184
88,g0ktlz6i,whole-sweep-3,0.6,281,0,1,21.413162231445312
89,g0ktlz6i,whole-sweep-3,0.6,784,0,-1,53.992323875427246
90,g0ktlz6i,whole-sweep-3,0.6,48,0,1,5.606522560119629
91,g0ktlz6i,whole-sweep-3,0.6,422,0,-1,28.990268230438232
92,g0ktlz6i,whole-sweep-3,0.6,268,0,-1,17.838445901870728
93,g0ktlz6i,whole-sweep-3,0.6,45,0,-1,4.062637090682983
94,g0ktlz6i,whole-sweep-3,0.6,263,0,-1,17.904879808425903
95,g0ktlz6i,whole-sweep-3,0.6,308,0,-1,20.481046438217163
96,g0ktlz6i,whole-sweep-3,0.6,310,0,-1,20.529272317886353
97,g0ktlz6i,whole-sweep-3,0.6,41,0,1,5.179730415344238
98,g0ktlz6i,whole-sweep-3,0.6,309,0,-1,20.652329921722412
99,g0ktlz6i,whole-sweep-3,0.6,278,0,-1,18.581642866134644
100,g0ktlz6i,whole-sweep-3,0.6,50,0,1,5.679417133331299
101,g0ktlz6i,whole-sweep-3,0.6,421,0,-1,27.893625497817993
102,g0ktlz6i,whole-sweep-3,0.6,317,0,-1,21.195181846618652
103,g0ktlz6i,whole-sweep-3,0.6,286,0,-1,19.13290309906006
104,g0ktlz6i,whole-sweep-3,0.6,272,0,-1,18.07750177383423
105,g0ktlz6i,whole-sweep-3,0.6,279,0,-1,18.899132251739502
106,g0ktlz6i,whole-sweep-3,0.6,46,0,1,5.505300760269165
107,g0ktlz6i,whole-sweep-3,0.6,306,0,-1,20.551356554031372
108,g0ktlz6i,whole-sweep-3,0.6,54,0,1,5.9160425662994385
109,g0ktlz6i,whole-sweep-3,0.6,460,0,-1,30.596373081207275
110,g0ktlz6i,whole-sweep-3,0.6,327,1,1,24.436209440231323
111,g0ktlz6i,whole-sweep-3,0.6,301,0,-1,20.14853000640869
112,g0ktlz6i,whole-sweep-3,0.6,299,0,-1,19.937299966812134
113,g0ktlz6i,whole-sweep-3,0.6,311,0,-1,20.673460006713867
114,g0ktlz6i,whole-sweep-3,0.6,457,0,-1,30.288897275924683
115,g0ktlz6i,whole-sweep-3,0.6,395,0,-1,26.519195079803467
116,g0ktlz6i,whole-sweep-3,0.6,756,0,-1,51.96147322654724
117,g0ktlz6i,whole-sweep-3,0.6,48,0,1,3.0616965293884277
118,g0ktlz6i,whole-sweep-3,0.6,48,0,1,5.585462808609009
119,g0ktlz6i,whole-sweep-3,0.6,275,0,-1,18.526604413986206
120,g0ktlz6i,whole-sweep-3,0.6,357,0,-1,23.963297605514526
121,g0ktlz6i,whole-sweep-3,0.6,377,0,-1,25.26907444000244
122,g0ktlz6i,whole-sweep-3,0.6,373,0,-1,24.781365394592285
123,g0ktlz6i,whole-sweep-3,0.6,313,0,-1,21.125568628311157
124,g0ktlz6i,whole-sweep-3,0.6,594,0,-1,40.25761270523071
125,g0ktlz6i,whole-sweep-3,0.6,361,0,-1,24.886847496032715
126,g0ktlz6i,whole-sweep-3,0.6,684,0,-1,46.631593465805054
127,g0ktlz6i,whole-sweep-3,0.6,54,0,1,6.018651723861694
128,g0ktlz6i,whole-sweep-3,0.6,517,0,-1,34.77356243133545
129,g0ktlz6i,whole-sweep-3,0.6,475,0,-1,32.02777338027954
130,g0ktlz6i,whole-sweep-3,0.6,277,0,-1,18.488024473190308
131,g0ktlz6i,whole-sweep-3,0.6,516,0,-1,34.74686622619629
132,g0ktlz6i,whole-sweep-3,0.6,454,0,-1,30.419769287109375
133,g0ktlz6i,whole-sweep-3,0.6,270,0,-1,18.098503351211548
134,g0ktlz6i,whole-sweep-3,0.6,430,0,-1,28.483545541763306
135,g0ktlz6i,whole-sweep-3,0.6,278,0,1,21.390382766723633
136,g0ktlz6i,whole-sweep-3,0.6,622,0,-1,42.30271291732788
137,g0ktlz6i,whole-sweep-3,0.6,317,0,1,23.964442253112793
138,g0ktlz6i,whole-sweep-3,0.6,559,0,-1,37.59485411643982
139,g0ktlz6i,whole-sweep-3,0.6,49,0,1,5.6133832931518555
140,g0ktlz6i,whole-sweep-3,0.6,588,0,-1,39.59900259971619
141,g0ktlz6i,whole-sweep-3,0.6,394,0,-1,26.36970615386963
142,g0ktlz6i,whole-sweep-3,0.6,451,0,-1,30.221062183380127
143,g0ktlz6i,whole-sweep-3,0.6,734,0,-1,50.614985704422
144,g0ktlz6i,whole-sweep-3,0.6,281,0,-1,18.731885194778442
145,g0ktlz6i,whole-sweep-3,0.6,263,0,1,20.36882448196411
146,g0ktlz6i,whole-sweep-3,0.6,294,0,-1,19.68845844268799
147,g0ktlz6i,whole-sweep-3,0.6,625,0,-1,42.483115911483765
148,g0ktlz6i,whole-sweep-3,0.6,49,0,1,5.65540337562561
149,g0ktlz6i,whole-sweep-3,0.6,369,0,-1,24.943633317947388
150,g0ktlz6i,whole-sweep-3,0.6,667,0,-1,45.2403929233551
151,g0ktlz6i,whole-sweep-3,0.6,890,0,-1,62.73849654197693
152,g0ktlz6i,whole-sweep-3,0.6,374,0,-1,25.133533716201782
153,g0ktlz6i,whole-sweep-3,0.6,304,0,-1,20.335130214691162
154,g0ktlz6i,whole-sweep-3,0.6,286,0,-1,19.145829439163208
155,g0ktlz6i,whole-sweep-3,0.6,49,0,1,5.609580039978027
156,g0ktlz6i,whole-sweep-3,0.6,287,0,-1,19.115503072738647
157,g0ktlz6i,whole-sweep-3,0.6,48,0,1,5.611732244491577
158,g0ktlz6i,whole-sweep-3,0.6,271,0,-1,18.052311658859253
159,g0ktlz6i,whole-sweep-3,0.6,309,0,-1,20.718693256378174
160,g0ktlz6i,whole-sweep-3,0.6,330,0,-1,22.04437565803528
161,g0ktlz6i,whole-sweep-3,0.6,302,0,-1,20.272207260131836
162,g0ktlz6i,whole-sweep-3,0.6,423,0,-1,28.34104895591736
163,g0ktlz6i,whole-sweep-3,0.6,277,0,-1,18.578789472579956
164,g0ktlz6i,whole-sweep-3,0.6,280,0,-1,18.884597539901733
165,g0ktlz6i,whole-sweep-3,0.6,48,0,1,5.556737422943115
166,g0ktlz6i,whole-sweep-3,0.6,282,0,-1,18.913469076156616
167,g0ktlz6i,whole-sweep-3,0.6,272,0,-1,18.124581575393677
168,g0ktlz6i,whole-sweep-3,0.6,538,0,-1,35.99163246154785
169,g0ktlz6i,whole-sweep-3,0.6,516,0,-1,34.437734842300415
170,g0ktlz6i,whole-sweep-3,0.6,272,0,-1,18.16515278816223
171,g0ktlz6i,whole-sweep-3,0.6,399,0,-1,26.487940788269043
172,g0ktlz6i,whole-sweep-3,0.6,290,0,-1,19.521554708480835
173,g0ktlz6i,whole-sweep-3,0.6,782,0,-1,53.820326805114746
174,g0ktlz6i,whole-sweep-3,0.6,339,0,-1,22.462234497070312
175,g0ktlz6i,whole-sweep-3,0.6,518,0,-1,34.935335636138916
176,g0ktlz6i,whole-sweep-3,0.6,736,0,-1,50.73504400253296
177,g0ktlz6i,whole-sweep-3,0.6,47,0,1,5.522826194763184
178,g0ktlz6i,whole-sweep-3,0.6,283,0,-1,18.89881730079651
179,g0ktlz6i,whole-sweep-3,0.6,515,0,-1,34.447532653808594
180,g0ktlz6i,whole-sweep-3,0.6,268,0,-1,17.8974871635437
181,g0ktlz6i,whole-sweep-3,0.6,655,0,-1,44.81372094154358
182,g0ktlz6i,whole-sweep-3,0.6,586,0,-1,39.892841815948486
183,g0ktlz6i,whole-sweep-3,0.6,281,0,-1,18.691288232803345
184,g0ktlz6i,whole-sweep-3,0.6,529,0,-1,35.4002788066864
185,g0ktlz6i,whole-sweep-3,0.6,249,0,-1,16.834453105926514
186,g0ktlz6i,whole-sweep-3,0.6,271,0,-1,18.061841249465942
187,g0ktlz6i,whole-sweep-3,0.6,523,0,-1,35.41662383079529
188,g0ktlz6i,whole-sweep-3,0.6,48,0,1,5.58358907699585
189,g0ktlz6i,whole-sweep-3,0.6,277,0,-1,18.591938257217407
190,g0ktlz6i,whole-sweep-3,0.6,284,0,-1,18.97551131248474
191,g0ktlz6i,whole-sweep-3,0.6,255,0,-1,17.165996551513672
192,g0ktlz6i,whole-sweep-3,0.6,423,0,-1,29.32740616798401
193,g0ktlz6i,whole-sweep-3,0.6,346,0,-1,23.374793529510498
194,g0ktlz6i,whole-sweep-3,0.6,325,0,-1,21.825021266937256
195,g0ktlz6i,whole-sweep-3,0.6,46,0,1,5.487738609313965
196,g0ktlz6i,whole-sweep-3,0.6,280,0,1,21.563720226287842
197,g0ktlz6i,whole-sweep-3,0.6,278,0,-1,18.76934790611267
198,g0ktlz6i,whole-sweep-3,0.6,282,0,-1,18.995155334472656
199,g0ktlz6i,whole-sweep-3,0.6,368,0,-1,24.424697160720825
200,g0ktlz6i,whole-sweep-3,0.6,49,0,1,5.666395664215088
201,g0ktlz6i,whole-sweep-3,0.6,471,0,-1,32.6707489490509
202,g0ktlz6i,whole-sweep-3,0.6,504,0,-1,33.95912742614746
203,g0ktlz6i,whole-sweep-3,0.6,272,0,1,20.913999795913696
204,g0ktlz6i,whole-sweep-3,0.6,268,0,-1,17.930885076522827
205,g0ktlz6i,whole-sweep-3,0.6,280,0,-1,18.68301272392273
206,g0ktlz6i,whole-sweep-3,0.6,326,0,-1,21.76294445991516
207,g0ktlz6i,whole-sweep-3,0.6,299,0,-1,19.860047578811646
208,g0ktlz6i,whole-sweep-3,0.6,434,0,-1,28.83027172088623
209,g0ktlz6i,whole-sweep-3,0.6,48,0,1,3.046104907989502
210,g0ktlz6i,whole-sweep-3,0.6,284,1,1,21.569430351257324
211,g0ktlz6i,whole-sweep-3,0.6,260,0,1,20.117552280426025
212,g0ktlz6i,whole-sweep-3,0.6,387,0,-1,25.636310338974
213,g0ktlz6i,whole-sweep-3,0.6,289,0,-1,19.4687602519989
214,g0ktlz6i,whole-sweep-3,0.6,272,0,-1,18.39108896255493
215,g0ktlz6i,whole-sweep-3,0.6,424,0,-1,28.553062438964844
216,g0ktlz6i,whole-sweep-3,0.6,45,0,1,5.432392120361328
217,g0ktlz6i,whole-sweep-3,0.6,51,0,1,5.8360595703125
218,g0ktlz6i,whole-sweep-3,0.6,295,0,-1,19.830799102783203
219,g0ktlz6i,whole-sweep-3,0.6,285,0,-1,19.001838207244873
220,g0ktlz6i,whole-sweep-3,0.6,273,0,-1,18.172574520111084
221,g0ktlz6i,whole-sweep-3,0.6,341,0,-1,22.542264938354492
222,g0ktlz6i,whole-sweep-3,0.6,419,0,-1,28.061567306518555
223,g0ktlz6i,whole-sweep-3,0.6,720,0,-1,49.710593461990356
224,g0ktlz6i,whole-sweep-3,0.6,275,0,-1,18.57259225845337
225,g0ktlz6i,whole-sweep-3,0.6,284,0,-1,19.017307996749878
226,g0ktlz6i,whole-sweep-3,0.6,497,0,-1,33.23242902755737
227,g0ktlz6i,whole-sweep-3,0.6,331,0,-1,22.00784182548523
228,g0ktlz6i,whole-sweep-3,0.6,280,0,-1,18.678504467010498
229,g0ktlz6i,whole-sweep-3,0.6,256,0,-1,17.29786777496338
230,g0ktlz6i,whole-sweep-3,0.6,275,0,-1,18.204094171524048
231,g0ktlz6i,whole-sweep-3,0.6,271,0,-1,18.02506732940674
232,g0ktlz6i,whole-sweep-3,0.6,263,0,-1,17.539336681365967
233,g0ktlz6i,whole-sweep-3,0.6,504,0,-1,33.907169818878174
234,g0ktlz6i,whole-sweep-3,0.6,276,0,1,21.07863450050354
235,g0ktlz6i,whole-sweep-3,0.6,354,0,-1,23.441336631774902
236,g0ktlz6i,whole-sweep-3,0.6,286,0,-1,19.1956889629364
237,g0ktlz6i,whole-sweep-3,0.6,280,0,-1,18.717947721481323
238,g0ktlz6i,whole-sweep-3,0.6,508,0,-1,33.93979048728943
239,g0ktlz6i,whole-sweep-3,0.6,271,0,-1,18.06092405319214
240,g0ktlz6i,whole-sweep-3,0.6,267,0,-1,17.952720642089844
241,g0ktlz6i,whole-sweep-3,0.6,269,0,-1,18.068583488464355
242,g0ktlz6i,whole-sweep-3,0.6,315,0,-1,20.87496590614319
243,g0ktlz6i,whole-sweep-3,0.6,246,0,-1,16.408607482910156
244,g0ktlz6i,whole-sweep-3,0.6,558,0,-1,37.40737056732178
245,g0ktlz6i,whole-sweep-3,0.6,509,0,-1,33.90822982788086
246,g0ktlz6i,whole-sweep-3,0.6,498,0,-1,33.18438267707825
247,g0ktlz6i,whole-sweep-3,0.6,258,0,-1,17.227080583572388
248,g0ktlz6i,whole-sweep-3,0.6,469,0,-1,31.165581941604614
249,g0ktlz6i,whole-sweep-3,0.6,41,0,1,5.181234836578369
250,g0ktlz6i,whole-sweep-3,0.6,277,0,-1,18.674312114715576
251,g0ktlz6i,whole-sweep-3,0.6,257,0,-1,17.086665391921997
252,g0ktlz6i,whole-sweep-3,0.6,54,0,1,5.968590021133423
253,g0ktlz6i,whole-sweep-3,0.6,455,0,-1,30.623250722885132
254,g0ktlz6i,whole-sweep-3,0.6,49,0,1,5.628143072128296
255,g0ktlz6i,whole-sweep-3,0.6,293,0,-1,19.479934692382812
256,g0ktlz6i,whole-sweep-3,0.6,498,0,-1,33.14072322845459
257,g0ktlz6i,whole-sweep-3,0.6,262,0,-1,17.425495624542236
258,g0ktlz6i,whole-sweep-3,0.6,375,0,-1,24.839049339294434
259,g0ktlz6i,whole-sweep-3,0.6,307,0,-1,20.355536699295044
260,g0ktlz6i,whole-sweep-3,0.6,389,0,-1,25.759193658828735
261,g0ktlz6i,whole-sweep-3,0.6,258,0,-1,17.384018182754517
262,g0ktlz6i,whole-sweep-3,0.6,41,0,1,5.140310049057007
263,g0ktlz6i,whole-sweep-3,0.6,274,0,-1,18.314724683761597
264,g0ktlz6i,whole-sweep-3,0.6,279,0,-1,18.574535846710205
265,g0ktlz6i,whole-sweep-3,0.6,292,0,-1,19.653701782226562
266,g0ktlz6i,whole-sweep-3,0.6,48,0,1,5.583288669586182
267,g0ktlz6i,whole-sweep-3,0.6,277,0,-1,18.727345943450928
268,g0ktlz6i,whole-sweep-3,0.6,49,0,1,3.1180310249328613
269,g0ktlz6i,whole-sweep-3,0.6,264,0,-1,17.77683401107788
270,g0ktlz6i,whole-sweep-3,0.6,283,0,-1,19.04901671409607
271,g0ktlz6i,whole-sweep-3,0.6,430,0,-1,28.779468774795532
272,g0ktlz6i,whole-sweep-3,0.6,272,0,-1,18.12811779975891
273,g0ktlz6i,whole-sweep-3,0.6,279,0,-1,18.63866639137268
274,g0ktlz6i,whole-sweep-3,0.6,275,0,-1,18.446470737457275
275,g0ktlz6i,whole-sweep-3,0.6,390,0,-1,26.34563946723938
276,g0ktlz6i,whole-sweep-3,0.6,41,0,1,5.15349268913269
277,g0ktlz6i,whole-sweep-3,0.6,305,0,-1,20.377311944961548
278,g0ktlz6i,whole-sweep-3,0.6,296,0,-1,20.098118782043457
279,g0ktlz6i,whole-sweep-3,0.6,298,0,-1,19.89175581932068
280,g0ktlz6i,whole-sweep-3,0.6,389,0,-1,26.167489528656006
281,g0ktlz6i,whole-sweep-3,0.6,267,0,-1,17.910884618759155
282,g0ktlz6i,whole-sweep-3,0.6,50,0,1,5.69361424446106
283,g0ktlz6i,whole-sweep-3,0.6,546,0,-1,36.87994837760925
284,g0ktlz6i,whole-sweep-3,0.6,283,0,-1,18.945806741714478
285,g0ktlz6i,whole-sweep-3,0.6,259,0,-1,17.253549814224243
286,g0ktlz6i,whole-sweep-3,0.6,282,0,-1,18.711636304855347
287,g0ktlz6i,whole-sweep-3,0.6,49,0,1,5.644471168518066
288,g0ktlz6i,whole-sweep-3,0.6,47,0,1,5.584409475326538
289,g0ktlz6i,whole-sweep-3,0.6,48,0,-1,4.257933139801025
290,g0ktlz6i,whole-sweep-3,0.6,714,0,-1,48.555603981018066
291,g0ktlz6i,whole-sweep-3,0.6,49,0,1,5.648019313812256
292,g0ktlz6i,whole-sweep-3,0.6,681,0,-1,46.553141832351685
293,g0ktlz6i,whole-sweep-3,0.6,50,0,1,3.184340238571167
294,g0ktlz6i,whole-sweep-3,0.6,281,0,-1,18.88122034072876
295,g0ktlz6i,whole-sweep-3,0.6,42,0,1,5.221585750579834
296,g0ktlz6i,whole-sweep-3,0.6,710,0,-1,50.283660888671875
297,g0ktlz6i,whole-sweep-3,0.6,249,0,-1,17.868046045303345
298,g0ktlz6i,whole-sweep-3,0.6,272,0,-1,19.487574100494385
299,g0ktlz6i,whole-sweep-3,0.6,46,0,1,5.970149993896484
300,g0ktlz6i,whole-sweep-3,0.6,282,0,-1,20.28959035873413
301,g0ktlz6i,whole-sweep-3,0.6,472,0,-1,33.496567726135254
302,g0ktlz6i,whole-sweep-3,0.6,395,0,-1,27.946095943450928
303,g0ktlz6i,whole-sweep-3,0.6,564,0,-1,40.44583249092102
304,g0ktlz6i,whole-sweep-3,0.6,270,0,-1,19.40784215927124
305,g0ktlz6i,whole-sweep-3,0.6,50,0,1,3.3673973083496094
306,g0ktlz6i,whole-sweep-3,0.6,408,0,-1,29.19472861289978
307,g0ktlz6i,whole-sweep-3,0.6,47,0,1,6.051210165023804
308,g0ktlz6i,whole-sweep-3,0.6,409,0,-1,30.092853546142578
309,g0ktlz6i,whole-sweep-3,0.6,263,0,-1,18.744921922683716
310,g0ktlz6i,whole-sweep-3,0.6,535,0,-1,38.77380299568176
311,g0ktlz6i,whole-sweep-3,0.6,287,0,-1,20.47359585762024
312,g0ktlz6i,whole-sweep-3,0.6,384,0,-1,27.265788793563843
313,g0ktlz6i,whole-sweep-3,0.6,288,0,-1,20.495314121246338
314,g0ktlz6i,whole-sweep-3,0.6,261,0,-1,18.61290979385376
315,g0ktlz6i,whole-sweep-3,0.6,391,0,-1,28.106455087661743
316,g0ktlz6i,whole-sweep-3,0.6,49,0,1,3.3062334060668945
317,g0ktlz6i,whole-sweep-3,0.6,399,0,-1,28.49038791656494
318,g0ktlz6i,whole-sweep-3,0.6,290,0,-1,20.79123020172119
319,g0ktlz6i,whole-sweep-3,0.6,293,0,-1,21.01932382583618
320,g0ktlz6i,whole-sweep-3,0.6,48,0,1,3.23445987701416
321,g0ktlz6i,whole-sweep-3,0.6,297,0,-1,21.286190509796143
322,g0ktlz6i,whole-sweep-3,0.6,323,0,-1,23.027252435684204
323,g0ktlz6i,whole-sweep-3,0.6,282,0,-1,20.26818871498108
324,g0ktlz6i,whole-sweep-3,0.6,281,0,-1,20.187687873840332
325,g0ktlz6i,whole-sweep-3,0.6,49,0,1,3.312237501144409
326,g0ktlz6i,whole-sweep-3,0.6,471,0,-1,33.82348895072937
327,g0ktlz6i,whole-sweep-3,0.6,56,0,1,6.6317620277404785
328,g0ktlz6i,whole-sweep-3,0.6,369,0,-1,26.393720149993896
329,g0ktlz6i,whole-sweep-3,0.6,267,0,-1,19.03343415260315
330,g0ktlz6i,whole-sweep-3,0.6,605,0,-1,43.43295979499817
331,g0ktlz6i,whole-sweep-3,0.6,293,0,-1,21.016358852386475
332,g0ktlz6i,whole-sweep-3,0.6,49,0,1,3.2882423400878906
333,g0ktlz6i,whole-sweep-3,0.6,319,0,-1,22.661264657974243
334,g0ktlz6i,whole-sweep-3,0.6,380,0,-1,28.228940725326538
335,g0ktlz6i,whole-sweep-3,0.6,744,0,-1,54.42239499092102
336,g0ktlz6i,whole-sweep-3,0.6,295,0,-1,21.124058723449707
337,g0ktlz6i,whole-sweep-3,0.6,309,0,-1,22.301487684249878
338,g0ktlz6i,whole-sweep-3,0.6,46,0,1,5.969972372055054
339,g0ktlz6i,whole-sweep-3,0.6,269,0,-1,19.339399099349976
340,g0ktlz6i,whole-sweep-3,0.6,274,0,-1,20.50470995903015
341,g0ktlz6i,whole-sweep-3,0.6,510,0,-1,36.75515365600586
342,g0ktlz6i,whole-sweep-3,0.6,340,0,-1,24.112507104873657
343,g0ktlz6i,whole-sweep-3,0.6,475,0,-1,33.72053146362305
344,g0ktlz6i,whole-sweep-3,0.6,50,0,1,6.235038995742798
345,g0ktlz6i,whole-sweep-3,0.6,252,0,-1,18.232703924179077
346,g0ktlz6i,whole-sweep-3,0.6,501,0,-1,35.78461527824402
347,g0ktlz6i,whole-sweep-3,0.6,283,0,-1,20.153719425201416
348,g0ktlz6i,whole-sweep-3,0.6,347,0,-1,24.82503628730774
349,g0ktlz6i,whole-sweep-3,0.6,520,0,-1,37.12413430213928
350,g0ktlz6i,whole-sweep-3,0.6,467,0,-1,34.428778409957886
351,g0ktlz6i,whole-sweep-3,0.6,279,0,1,23.003005981445312
352,g0ktlz6i,whole-sweep-3,0.6,591,0,-1,42.49451208114624
353,g0ktlz6i,whole-sweep-3,0.6,285,0,-1,20.317963123321533
354,g0ktlz6i,whole-sweep-3,0.6,260,0,-1,18.53852653503418
355,g0ktlz6i,whole-sweep-3,0.6,274,0,-1,19.56241226196289
356,g0ktlz6i,whole-sweep-3,0.6,48,0,1,6.076709747314453
357,g0ktlz6i,whole-sweep-3,0.6,319,0,-1,22.67443537712097
358,g0ktlz6i,whole-sweep-3,0.6,290,0,-1,20.81458854675293
359,g0ktlz6i,whole-sweep-3,0.6,49,0,1,3.284386396408081
360,g0ktlz6i,whole-sweep-3,0.6,290,0,-1,20.698482275009155
361,g0ktlz6i,whole-sweep-3,0.6,244,0,-1,17.506559371948242
362,g0ktlz6i,whole-sweep-3,0.6,782,0,-1,57.933444023132324
363,g0ktlz6i,whole-sweep-3,0.6,320,0,-1,22.93488359451294
364,g0ktlz6i,whole-sweep-3,0.6,265,0,-1,19.10747480392456
365,g0ktlz6i,whole-sweep-3,0.6,348,0,-1,24.816339254379272
366,g0ktlz6i,whole-sweep-3,0.6,295,0,-1,21.033164739608765
367,g0ktlz6i,whole-sweep-3,0.6,278,0,-1,19.863945484161377
368,g0ktlz6i,whole-sweep-3,0.6,263,0,-1,18.797287464141846
369,g0ktlz6i,whole-sweep-3,0.6,246,0,-1,17.719749927520752
370,g0ktlz6i,whole-sweep-3,0.6,271,0,-1,19.32084321975708
371,g0ktlz6i,whole-sweep-3,0.6,273,0,-1,19.41797137260437
372,g0ktlz6i,whole-sweep-3,0.6,310,0,-1,22.300100326538086
373,g0ktlz6i,whole-sweep-3,0.6,268,0,-1,19.20746111869812
374,g0ktlz6i,whole-sweep-3,0.6,269,0,-1,19.3261878490448
375,g0ktlz6i,whole-sweep-3,0.6,50,0,1,6.245386123657227
376,g0ktlz6i,whole-sweep-3,0.6,270,0,-1,19.513177156448364
377,g0ktlz6i,whole-sweep-3,0.6,607,0,-1,44.01802086830139
378,g0ktlz6i,whole-sweep-3,0.6,337,0,-1,24.06747531890869
379,g0ktlz6i,whole-sweep-3,0.6,51,0,1,6.239519357681274
380,g0ktlz6i,whole-sweep-3,0.6,263,0,-1,18.955247163772583
381,g0ktlz6i,whole-sweep-3,0.6,260,0,-1,18.711363077163696
382,g0ktlz6i,whole-sweep-3,0.6,265,0,-1,19.047112464904785
383,g0ktlz6i,whole-sweep-3,0.6,271,0,-1,19.411203145980835
384,g0ktlz6i,whole-sweep-3,0.6,281,0,1,23.258097648620605
385,g0ktlz6i,whole-sweep-3,0.6,286,0,-1,20.494223833084106
386,g0ktlz6i,whole-sweep-3,0.6,363,0,-1,26.334571361541748
387,g0ktlz6i,whole-sweep-3,0.6,310,0,-1,22.248779773712158
388,g0ktlz6i,whole-sweep-3,0.6,57,0,1,6.70197868347168
389,g0ktlz6i,whole-sweep-3,0.6,318,0,-1,22.79388976097107
390,g0ktlz6i,whole-sweep-3,0.6,45,0,1,3.0225143432617188
391,g0ktlz6i,whole-sweep-3,0.6,41,0,1,5.615132570266724
392,g0ktlz6i,whole-sweep-3,0.6,446,0,-1,31.756110906600952
393,g0ktlz6i,whole-sweep-3,0.6,48,0,1,6.069079875946045
394,g0ktlz6i,whole-sweep-3,0.6,315,0,-1,22.70254135131836
395,g0ktlz6i,whole-sweep-3,0.6,41,0,1,2.8002519607543945
396,g0ktlz6i,whole-sweep-3,0.6,45,0,1,5.925057649612427
397,g0ktlz6i,whole-sweep-3,0.6,51,0,1,6.295931100845337
398,g0ktlz6i,whole-sweep-3,0.6,252,0,-1,18.24887990951538
399,g0ktlz6i,whole-sweep-3,0.6,301,0,-1,21.498191356658936
400,g0ktlz6i,whole-sweep-3,0.6,282,0,-1,20.263822317123413
401,g0ktlz6i,whole-sweep-3,0.6,267,0,1,22.359652280807495
402,g0ktlz6i,whole-sweep-3,0.6,304,0,-1,21.7298481464386
403,g0ktlz6i,whole-sweep-3,0.6,276,0,-1,19.82288694381714
404,g0ktlz6i,whole-sweep-3,0.6,261,0,-1,18.901026248931885
405,g0ktlz6i,whole-sweep-3,0.6,281,0,-1,20.06023383140564
406,g0ktlz6i,whole-sweep-3,0.6,45,0,1,5.878672122955322
407,g0ktlz6i,whole-sweep-3,0.6,303,0,-1,21.76896858215332
408,g0ktlz6i,whole-sweep-3,0.6,449,0,-1,32.23567581176758
409,g0ktlz6i,whole-sweep-3,0.6,286,0,-1,20.4579119682312
410,g0ktlz6i,whole-sweep-3,0.6,46,0,1,5.99181056022644
411,g0ktlz6i,whole-sweep-3,0.6,241,0,-1,17.51667809486389
412,g0ktlz6i,whole-sweep-3,0.6,273,0,-1,19.538892030715942
413,g0ktlz6i,whole-sweep-3,0.6,303,0,-1,21.712673902511597
414,g0ktlz6i,whole-sweep-3,0.6,361,0,-1,25.882301330566406
415,g0ktlz6i,whole-sweep-3,0.6,269,0,-1,19.174623250961304
416,g0ktlz6i,whole-sweep-3,0.6,276,0,1,22.951576948165894
417,g0ktlz6i,whole-sweep-3,0.6,409,0,-1,29.39051914215088
418,g0ktlz6i,whole-sweep-3,0.6,251,0,-1,17.965471029281616
419,g0ktlz6i,whole-sweep-3,0.6,48,0,1,6.047803640365601
420,g0ktlz6i,whole-sweep-3,0.6,57,0,1,6.654516696929932
421,g0ktlz6i,whole-sweep-3,0.6,280,0,-1,20.069114208221436
422,g0ktlz6i,whole-sweep-3,0.6,294,0,-1,20.95712900161743
423,g0ktlz6i,whole-sweep-3,0.6,260,0,-1,18.59850525856018
424,g0ktlz6i,whole-sweep-3,0.6,477,0,-1,34.34842276573181
425,g0ktlz6i,whole-sweep-3,0.6,318,0,-1,22.814608097076416
426,g0ktlz6i,whole-sweep-3,0.6,48,0,1,6.110902786254883
427,g0ktlz6i,whole-sweep-3,0.6,291,0,-1,20.993462085723877
428,g0ktlz6i,whole-sweep-3,0.6,281,0,-1,20.030263900756836
429,g0ktlz6i,whole-sweep-3,0.6,261,0,-1,18.6870059967041
430,g0ktlz6i,whole-sweep-3,0.6,259,0,-1,18.65664792060852
431,g0ktlz6i,whole-sweep-3,0.6,408,0,-1,30.35482406616211
432,g0ktlz6i,whole-sweep-3,0.6,276,0,-1,19.940441131591797
433,g0ktlz6i,whole-sweep-3,0.6,335,0,-1,24.186666250228882
434,g0ktlz6i,whole-sweep-3,0.6,395,0,-1,28.177339792251587
435,g0ktlz6i,whole-sweep-3,0.6,399,0,-1,28.631436347961426
436,g0ktlz6i,whole-sweep-3,0.6,283,0,-1,20.280309200286865
437,g0ktlz6i,whole-sweep-3,0.6,265,0,-1,18.98735547065735
438,g0ktlz6i,whole-sweep-3,0.6,45,0,1,5.870666742324829
439,g0ktlz6i,whole-sweep-3,0.6,257,0,-1,18.572734832763672
440,g0ktlz6i,whole-sweep-3,0.6,499,0,-1,36.099220752716064
441,g0ktlz6i,whole-sweep-3,0.6,430,0,-1,30.893550157546997
442,g0ktlz6i,whole-sweep-3,0.6,262,0,-1,18.86024236679077
443,g0ktlz6i,whole-sweep-3,0.6,265,0,-1,19.272752285003662
444,g0ktlz6i,whole-sweep-3,0.6,420,0,-1,30.326942920684814
445,g0ktlz6i,whole-sweep-3,0.6,263,0,-1,19.11355495452881
446,g0ktlz6i,whole-sweep-3,0.6,245,0,-1,17.784911394119263
447,g0ktlz6i,whole-sweep-3,0.6,47,0,1,3.210369348526001
448,g0ktlz6i,whole-sweep-3,0.6,387,0,-1,27.8548264503479
449,g0ktlz6i,whole-sweep-3,0.6,451,0,-1,32.66539287567139
450,g0ktlz6i,whole-sweep-3,0.6,49,0,1,6.166459560394287
451,g0ktlz6i,whole-sweep-3,0.6,293,0,-1,21.148975133895874
452,g0ktlz6i,whole-sweep-3,0.6,50,0,1,6.259657859802246
453,g0ktlz6i,whole-sweep-3,0.6,53,0,1,6.46933913230896
454,g0ktlz6i,whole-sweep-3,0.6,457,0,-1,33.171669721603394
455,g0ktlz6i,whole-sweep-3,0.6,262,0,-1,18.994446754455566
456,g0ktlz6i,whole-sweep-3,0.6,316,0,-1,22.677006006240845
457,g0ktlz6i,whole-sweep-3,0.6,372,0,-1,26.781105041503906
458,g0ktlz6i,whole-sweep-3,0.6,244,0,-1,16.249298095703125
459,g0ktlz6i,whole-sweep-3,0.6,266,0,-1,19.21353507041931
460,g0ktlz6i,whole-sweep-3,0.6,42,0,1,2.8818705081939697
461,g0ktlz6i,whole-sweep-3,0.6,519,0,-1,37.49013304710388
462,g0ktlz6i,whole-sweep-3,0.6,237,0,-1,17.16211748123169
463,g0ktlz6i,whole-sweep-3,0.6,497,0,-1,37.724032402038574
464,g0ktlz6i,whole-sweep-3,0.6,41,0,1,5.690150499343872
465,g0ktlz6i,whole-sweep-3,0.6,262,0,-1,18.915076732635498
466,g0ktlz6i,whole-sweep-3,0.6,622,0,-1,45.368329763412476
467,g0ktlz6i,whole-sweep-3,0.6,260,0,-1,18.70601987838745
468,g0ktlz6i,whole-sweep-3,0.6,294,0,-1,22.09653663635254
469,g0ktlz6i,whole-sweep-3,0.6,258,0,-1,18.702276706695557
470,g0ktlz6i,whole-sweep-3,0.6,490,0,-1,35.58976626396179
471,g0ktlz6i,whole-sweep-3,0.6,287,0,-1,20.559446573257446
472,g0ktlz6i,whole-sweep-3,0.6,473,0,-1,34.153151988983154
473,g0ktlz6i,whole-sweep-3,0.6,269,0,-1,19.522945404052734
474,g0ktlz6i,whole-sweep-3,0.6,46,0,1,5.966774225234985
475,g0ktlz6i,whole-sweep-3,0.6,301,0,-1,21.679094791412354
476,g0ktlz6i,whole-sweep-3,0.6,396,0,-1,28.471475839614868
477,g0ktlz6i,whole-sweep-3,0.6,535,0,-1,38.78013801574707
478,g0ktlz6i,whole-sweep-3,0.6,288,0,-1,20.688807249069214
479,g0ktlz6i,whole-sweep-3,0.6,363,0,-1,26.231082916259766
480,g0ktlz6i,whole-sweep-3,0.6,393,0,-1,28.288230895996094
481,g0ktlz6i,whole-sweep-3,0.6,535,0,-1,38.75715494155884
482,g0ktlz6i,whole-sweep-3,0.6,48,0,1,6.108015775680542
483,g0ktlz6i,whole-sweep-3,0.6,266,0,-1,19.268950700759888
484,g0ktlz6i,whole-sweep-3,0.6,273,0,-1,19.69964027404785
485,g0ktlz6i,whole-sweep-3,0.6,255,0,-1,18.355106115341187
486,g0ktlz6i,whole-sweep-3,0.6,421,0,-1,30.354921579360962
487,g0ktlz6i,whole-sweep-3,0.6,46,0,1,5.982450008392334
488,g0ktlz6i,whole-sweep-3,0.6,475,0,-1,34.12794852256775
489,g0ktlz6i,whole-sweep-3,0.6,351,0,-1,25.303297996520996
490,g0ktlz6i,whole-sweep-3,0.6,242,0,-1,17.5149564743042
491,g0ktlz6i,whole-sweep-3,0.6,671,0,-1,49.22874450683594
492,g0ktlz6i,whole-sweep-3,0.6,47,0,1,3.2025439739227295
493,g0ktlz6i,whole-sweep-3,0.6,285,0,-1,20.56438684463501
494,g0ktlz6i,whole-sweep-3,0.6,756,0,-1,56.05924940109253
495,g0ktlz6i,whole-sweep-3,0.6,466,0,-1,33.68695330619812
496,g0ktlz6i,whole-sweep-3,0.6,322,0,-1,23.153969049453735
497,g0ktlz6i,whole-sweep-3,0.6,48,0,1,3.2718517780303955
498,g0ktlz6i,whole-sweep-3,0.6,358,0,-1,25.79666829109192
499,g0ktlz6i,whole-sweep-3,0.6,431,0,-1,32.24101686477661
500,g0ktlz6i,whole-sweep-3,0.6,515,0,-1,37.20199990272522
501,g0ktlz6i,whole-sweep-3,0.6,455,0,-1,32.61492943763733
502,g0ktlz6i,whole-sweep-3,0.6,272,0,-1,19.54851222038269
503,g0ktlz6i,whole-sweep-3,0.6,49,0,1,3.3125040531158447
504,g0ktlz6i,whole-sweep-3,0.6,250,0,-1,18.18000555038452
505,g0ktlz6i,whole-sweep-3,0.6,429,0,-1,30.934319257736206
506,g0ktlz6i,whole-sweep-3,0.6,49,0,1,3.309877872467041
507,g0ktlz6i,whole-sweep-3,0.6,581,0,-1,42.1266508102417
508,g0ktlz6i,whole-sweep-3,0.6,49,0,1,6.169527053833008
509,g0ktlz6i,whole-sweep-3,0.6,264,0,-1,19.103699445724487
510,g0ktlz6i,whole-sweep-3,0.6,788,0,-1,58.334261894226074
511,g0ktlz6i,whole-sweep-3,0.6,49,0,1,6.140008926391602
512,g0ktlz6i,whole-sweep-3,0.6,292,0,-1,21.185219049453735
513,g0ktlz6i,whole-sweep-3,0.6,269,0,-1,19.37327289581299
514,g0ktlz6i,whole-sweep-3,0.6,364,0,-1,26.12427830696106
515,g0ktlz6i,whole-sweep-3,0.6,288,1,1,23.79163408279419
516,g0ktlz6i,whole-sweep-3,0.6,263,0,-1,19.01059365272522
517,g0ktlz6i,whole-sweep-3,0.6,267,0,-1,19.15257215499878
518,g0ktlz6i,whole-sweep-3,0.6,48,0,1,3.2490453720092773
519,g0ktlz6i,whole-sweep-3,0.6,265,0,-1,19.052289485931396
520,g0ktlz6i,whole-sweep-3,0.6,48,0,1,6.081755876541138
521,g0ktlz6i,whole-sweep-3,0.6,341,0,-1,24.472591876983643
522,g0ktlz6i,whole-sweep-3,0.6,50,0,1,6.2348408699035645
523,g0ktlz6i,whole-sweep-3,0.6,287,0,-1,20.6524178981781
524,g0ktlz6i,whole-sweep-3,0.6,537,0,-1,40.3301899433136
525,g0ktlz6i,whole-sweep-3,0.6,298,0,-1,21.457284927368164
526,g0ktlz6i,whole-sweep-3,0.6,322,0,-1,23.13648557662964
527,g0ktlz6i,whole-sweep-3,0.6,321,0,-1,23.08398747444153
528,g0ktlz6i,whole-sweep-3,0.6,383,0,-1,27.467902898788452
529,g0ktlz6i,whole-sweep-3,0.6,429,0,-1,30.579118967056274
530,g0ktlz6i,whole-sweep-3,0.6,449,0,-1,31.804187059402466
531,g0ktlz6i,whole-sweep-3,0.6,286,0,-1,20.35853099822998
532,g0ktlz6i,whole-sweep-3,0.6,321,0,-1,22.68349051475525
533,g0ktlz6i,whole-sweep-3,0.6,304,0,-1,21.436535835266113
534,g0ktlz6i,whole-sweep-3,0.6,695,0,-1,50.52632546424866
535,g0ktlz6i,whole-sweep-3,0.6,50,0,1,6.163170337677002
536,g0ktlz6i,whole-sweep-3,0.6,46,0,1,3.1435699462890625
537,g0ktlz6i,whole-sweep-3,0.6,264,0,-1,18.884018421173096
538,g0ktlz6i,whole-sweep-3,0.6,286,0,-1,20.358940601348877
539,g0ktlz6i,whole-sweep-3,0.6,414,0,-1,29.270962476730347
540,g0ktlz6i,whole-sweep-3,0.6,293,0,-1,20.84224534034729
541,g0ktlz6i,whole-sweep-3,0.6,276,0,-1,19.622219562530518
542,g0ktlz6i,whole-sweep-3,0.6,39,0,1,5.429217338562012
543,g0ktlz6i,whole-sweep-3,0.6,328,0,-1,24.59653615951538
544,g0ktlz6i,whole-sweep-3,0.6,41,0,1,2.824817657470703
545,g0ktlz6i,whole-sweep-3,0.6,273,0,-1,19.413456916809082
546,g0ktlz6i,whole-sweep-3,0.6,335,0,-1,23.73559594154358
547,g0ktlz6i,whole-sweep-3,0.6,291,0,-1,20.62589168548584
548,g0ktlz6i,whole-sweep-3,0.6,532,0,-1,37.90106391906738
549,g0ktlz6i,whole-sweep-3,0.6,288,0,-1,20.44249415397644
550,g0ktlz6i,whole-sweep-3,0.6,279,0,-1,19.84763479232788
551,g0ktlz6i,whole-sweep-3,0.6,291,0,-1,20.52647042274475
552,g0ktlz6i,whole-sweep-3,0.6,298,0,-1,20.98386549949646
553,g0ktlz6i,whole-sweep-3,0.6,48,0,1,5.990498781204224
554,g0ktlz6i,whole-sweep-3,0.6,520,0,-1,37.32780122756958
555,g0ktlz6i,whole-sweep-3,0.6,292,0,1,23.55333971977234
556,g0ktlz6i,whole-sweep-3,0.6,264,0,-1,18.666447401046753
557,g0ktlz6i,whole-sweep-3,0.6,48,0,1,5.960839748382568
558,g0ktlz6i,whole-sweep-3,0.6,263,0,-1,18.647836446762085
559,g0ktlz6i,whole-sweep-3,0.6,48,0,1,3.215374708175659
560,g0ktlz6i,whole-sweep-3,0.6,293,0,-1,20.633161783218384
561,g0ktlz6i,whole-sweep-3,0.6,41,0,1,2.7734005451202393
562,g0ktlz6i,whole-sweep-3,0.6,252,0,-1,17.951844453811646
563,g0ktlz6i,whole-sweep-3,0.6,46,0,1,5.857902526855469
564,g0ktlz6i,whole-sweep-3,0.6,51,0,1,6.237191438674927
565,g0ktlz6i,whole-sweep-3,0.6,255,0,-1,18.27945637702942
566,g0ktlz6i,whole-sweep-3,0.6,296,0,1,24.284355640411377
567,g0ktlz6i,whole-sweep-3,0.6,264,0,-1,18.98291540145874
568,g0ktlz6i,whole-sweep-3,0.6,276,0,-1,19.67833137512207
569,g0ktlz6i,whole-sweep-3,0.6,467,0,-1,33.09959554672241
570,g0ktlz6i,whole-sweep-3,0.6,322,0,-1,22.866844177246094
571,g0ktlz6i,whole-sweep-3,0.6,51,0,1,6.193253755569458
572,g0ktlz6i,whole-sweep-3,0.6,276,0,-1,19.542098999023438
573,g0ktlz6i,whole-sweep-3,0.6,385,0,-1,27.162659168243408
574,g0ktlz6i,whole-sweep-3,0.6,369,0,-1,25.90050196647644
575,g0ktlz6i,whole-sweep-3,0.6,430,0,-1,30.472007751464844
576,g0ktlz6i,whole-sweep-3,0.6,285,0,-1,20.123117208480835
577,g0ktlz6i,whole-sweep-3,0.6,399,0,-1,28.268617868423462
578,g0ktlz6i,whole-sweep-3,0.6,297,0,-1,21.129644870758057
579,g0ktlz6i,whole-sweep-3,0.6,414,0,-1,29.298609018325806
580,g0ktlz6i,whole-sweep-3,0.6,278,0,1,22.77776265144348
581,g0ktlz6i,whole-sweep-3,0.6,49,0,1,6.130095958709717
582,g0ktlz6i,whole-sweep-3,0.6,408,0,-1,29.08875274658203
583,g0ktlz6i,whole-sweep-3,0.6,282,0,-1,19.795435190200806
584,g0ktlz6i,whole-sweep-3,0.6,430,0,-1,31.54945135116577
585,g0ktlz6i,whole-sweep-3,0.6,55,0,1,6.440584421157837
586,g0ktlz6i,whole-sweep-3,0.6,49,0,1,6.056561231613159
587,g0ktlz6i,whole-sweep-3,0.6,48,0,1,6.00316309928894
588,g0ktlz6i,whole-sweep-3,0.6,290,0,-1,21.289315700531006
589,g0ktlz6i,whole-sweep-3,0.6,289,0,-1,20.396088123321533
590,g0ktlz6i,whole-sweep-3,0.6,273,0,-1,19.268100261688232
591,g0ktlz6i,whole-sweep-3,0.6,556,0,-1,39.4413321018219
592,g0ktlz6i,whole-sweep-3,0.6,313,0,-1,21.893065690994263
593,g0ktlz6i,whole-sweep-3,0.6,295,0,-1,20.686110019683838
594,g0ktlz6i,whole-sweep-3,0.6,280,0,-1,19.5555899143219
595,g0ktlz6i,whole-sweep-3,0.6,307,0,-1,21.557939767837524
596,g0ktlz6i,whole-sweep-3,0.6,48,0,1,3.1857473850250244
597,g0ktlz6i,whole-sweep-3,0.6,49,0,1,5.941474914550781
598,g0ktlz6i,whole-sweep-3,0.6,384,0,-1,26.993481874465942
599,g0ktlz6i,whole-sweep-3,0.6,276,0,-1,19.48020052909851
600,g0ktlz6i,whole-sweep-3,0.6,510,0,-1,35.873398542404175
601,g0ktlz6i,whole-sweep-3,0.6,282,0,1,24.75939178466797
602,g0ktlz6i,whole-sweep-3,0.6,249,0,-1,17.535101652145386
603,g0ktlz6i,whole-sweep-3,0.6,502,0,-1,36.010408878326416
604,g0ktlz6i,whole-sweep-3,0.6,293,0,-1,20.62799072265625
605,g0ktlz6i,whole-sweep-3,0.6,333,0,-1,23.710652351379395
606,g0ktlz6i,whole-sweep-3,0.6,269,1,1,21.99755334854126
607,g0ktlz6i,whole-sweep-3,0.6,50,0,1,5.99963116645813
608,g0ktlz6i,whole-sweep-3,0.6,589,0,-1,41.920345067977905
609,g0ktlz6i,whole-sweep-3,0.6,288,0,-1,20.55854034423828
610,g0ktlz6i,whole-sweep-3,0.6,628,0,-1,45.04249286651611
611,g0ktlz6i,whole-sweep-3,0.6,354,0,-1,25.06235122680664
612,g0ktlz6i,whole-sweep-3,0.6,264,0,-1,18.811426162719727
613,g0ktlz6i,whole-sweep-3,0.6,303,0,-1,21.60539174079895
614,g0ktlz6i,whole-sweep-3,0.6,49,0,1,5.961490631103516
615,g0ktlz6i,whole-sweep-3,0.6,612,0,-1,44.09014701843262
616,g0ktlz6i,whole-sweep-3,0.6,51,0,1,6.069936752319336
617,g0ktlz6i,whole-sweep-3,0.6,276,0,-1,20.517117738723755
618,g0ktlz6i,whole-sweep-3,0.6,824,0,-1,60.34274172782898
619,g0ktlz6i,whole-sweep-3,0.6,413,0,-1,28.759175062179565
620,g0ktlz6i,whole-sweep-3,0.6,288,0,-1,19.63366723060608
621,g0ktlz6i,whole-sweep-3,0.6,270,0,-1,18.396923065185547
622,g0ktlz6i,whole-sweep-3,0.6,51,0,1,5.775417327880859
623,g0ktlz6i,whole-sweep-3,0.6,476,0,-1,31.59043550491333
624,g0ktlz6i,whole-sweep-3,0.6,446,0,-1,30.006477117538452
625,g0ktlz6i,whole-sweep-3,0.6,271,0,-1,18.01376962661743
626,g0ktlz6i,whole-sweep-3,0.6,251,0,-1,16.72721242904663
627,g0ktlz6i,whole-sweep-3,0.6,291,0,-1,19.304322004318237
628,g0ktlz6i,whole-sweep-3,0.6,350,0,-1,23.49815607070923
629,g0ktlz6i,whole-sweep-3,0.6,291,0,-1,19.32027816772461
630,g0ktlz6i,whole-sweep-3,0.6,314,0,-1,20.795947551727295
631,g0ktlz6i,whole-sweep-3,0.6,283,0,-1,18.890311002731323
632,g0ktlz6i,whole-sweep-3,0.6,263,0,-1,17.490031719207764
633,g0ktlz6i,whole-sweep-3,0.6,290,0,-1,19.208226919174194
634,g0ktlz6i,whole-sweep-3,0.6,392,0,-1,26.223186016082764
635,g0ktlz6i,whole-sweep-3,0.6,479,0,-1,32.2085657119751
636,g0ktlz6i,whole-sweep-3,0.6,50,0,1,5.719914197921753
637,g0ktlz6i,whole-sweep-3,0.6,287,0,-1,19.35235834121704
638,g0ktlz6i,whole-sweep-3,0.6,49,0,1,5.652106285095215
639,g0ktlz6i,whole-sweep-3,0.6,50,0,1,5.760801553726196
640,g0ktlz6i,whole-sweep-3,0.6,538,0,-1,36.486188888549805
641,g0ktlz6i,whole-sweep-3,0.6,433,0,-1,28.690755605697632
642,g0ktlz6i,whole-sweep-3,0.6,433,0,-1,29.113253831863403
643,g0ktlz6i,whole-sweep-3,0.6,48,0,1,3.0760796070098877
644,g0ktlz6i,whole-sweep-3,0.6,259,0,-1,17.445337772369385
645,g0ktlz6i,whole-sweep-3,0.6,282,0,-1,18.763059854507446
646,g0ktlz6i,whole-sweep-3,0.6,264,0,-1,17.871736764907837
647,g0ktlz6i,whole-sweep-3,0.6,323,0,-1,21.403629541397095
648,g0ktlz6i,whole-sweep-3,0.6,357,0,-1,23.611209392547607
649,g0ktlz6i,whole-sweep-3,0.6,333,0,-1,22.24328088760376
650,g0ktlz6i,whole-sweep-3,0.6,377,0,-1,25.38817548751831
651,g0ktlz6i,whole-sweep-3,0.6,224,0,-1,15.766710758209229
652,g0ktlz6i,whole-sweep-3,0.6,48,0,1,3.084622621536255
653,g0ktlz6i,whole-sweep-3,0.6,466,0,-1,31.63202977180481
654,g0ktlz6i,whole-sweep-3,0.6,284,0,-1,18.789021730422974
655,g0ktlz6i,whole-sweep-3,0.6,296,0,-1,19.529678106307983
656,g0ktlz6i,whole-sweep-3,0.6,599,0,-1,41.1212944984436
657,g0ktlz6i,whole-sweep-3,0.6,316,0,-1,20.8537917137146
658,g0ktlz6i,whole-sweep-3,0.6,320,0,-1,21.4190456867218
659,g0ktlz6i,whole-sweep-3,0.6,49,0,1,3.078145980834961
660,g0ktlz6i,whole-sweep-3,0.6,585,0,-1,39.11342477798462
661,g0ktlz6i,whole-sweep-3,0.6,303,0,-1,20.05933380126953
662,g0ktlz6i,whole-sweep-3,0.6,48,0,1,3.069669246673584
663,g0ktlz6i,whole-sweep-3,0.6,263,0,-1,17.669329404830933
664,g0ktlz6i,whole-sweep-3,0.6,522,0,-1,35.18582105636597
665,g0ktlz6i,whole-sweep-3,0.6,363,1,1,26.990106105804443
666,g0ktlz6i,whole-sweep-3,0.6,274,0,-1,18.457659006118774
667,g0ktlz6i,whole-sweep-3,0.6,300,0,-1,20.054160118103027
668,g0ktlz6i,whole-sweep-3,0.6,354,0,-1,23.32441258430481
669,g0ktlz6i,whole-sweep-3,0.6,340,0,-1,22.51923370361328
670,g0ktlz6i,whole-sweep-3,0.6,512,0,-1,34.045501947402954
671,g0ktlz6i,whole-sweep-3,0.6,278,0,-1,18.74164390563965
672,g0ktlz6i,whole-sweep-3,0.6,335,0,-1,22.44934844970703
673,g0ktlz6i,whole-sweep-3,0.6,286,0,-1,19.20485806465149
674,g0ktlz6i,whole-sweep-3,0.6,278,0,-1,18.708555698394775
675,g0ktlz6i,whole-sweep-3,0.6,348,0,-1,22.964824676513672
676,g0ktlz6i,whole-sweep-3,0.6,682,0,-1,46.08470606803894
677,g0ktlz6i,whole-sweep-3,0.6,410,0,-1,28.15600085258484
678,g0ktlz6i,whole-sweep-3,0.6,305,0,-1,20.254823446273804
679,g0ktlz6i,whole-sweep-3,0.6,302,0,-1,19.997486352920532
680,g0ktlz6i,whole-sweep-3,0.6,49,0,1,5.662944555282593
681,g0ktlz6i,whole-sweep-3,0.6,285,0,-1,19.234782695770264
682,g0ktlz6i,whole-sweep-3,0.6,455,0,-1,30.207428216934204
683,g0ktlz6i,whole-sweep-3,0.6,47,0,1,3.009181022644043
684,g0ktlz6i,whole-sweep-3,0.6,324,0,-1,21.746322631835938
685,g0ktlz6i,whole-sweep-3,0.6,505,0,-1,34.08321475982666
686,g0ktlz6i,whole-sweep-3,0.6,258,0,-1,17.403803825378418
687,g0ktlz6i,whole-sweep-3,0.6,437,0,-1,29.399831295013428
688,g0ktlz6i,whole-sweep-3,0.6,638,0,-1,43.21424198150635
689,g0ktlz6i,whole-sweep-3,0.6,518,0,-1,35.012903690338135
690,g0ktlz6i,whole-sweep-3,0.6,51,0,1,5.7667224407196045
691,g0ktlz6i,whole-sweep-3,0.6,366,0,-1,24.522367238998413
692,g0ktlz6i,whole-sweep-3,0.6,436,0,-1,29.30226993560791
693,g0ktlz6i,whole-sweep-3,0.6,278,0,-1,18.449981689453125
694,g0ktlz6i,whole-sweep-3,0.6,357,0,1,26.415316581726074
695,g0ktlz6i,whole-sweep-3,0.6,392,0,-1,26.199841737747192
696,g0ktlz6i,whole-sweep-3,0.6,283,0,-1,18.737984895706177
697,g0ktlz6i,whole-sweep-3,0.6,388,0,-1,25.61593770980835
698,g0ktlz6i,whole-sweep-3,0.6,276,0,-1,18.314781188964844
699,g0ktlz6i,whole-sweep-3,0.6,471,0,-1,31.58092999458313
700,g0ktlz6i,whole-sweep-3,0.6,323,0,-1,21.378029108047485
701,g0ktlz6i,whole-sweep-3,0.6,640,0,-1,43.02322220802307
702,g0ktlz6i,whole-sweep-3,0.6,48,0,1,3.0224850177764893
703,g0ktlz6i,whole-sweep-3,0.6,539,0,-1,36.0508291721344
704,g0ktlz6i,whole-sweep-3,0.6,380,0,-1,25.508567571640015
705,g0ktlz6i,whole-sweep-3,0.6,284,0,1,21.545754194259644
706,g0ktlz6i,whole-sweep-3,0.6,326,0,-1,21.649898290634155
707,g0ktlz6i,whole-sweep-3,0.6,283,0,-1,19.068899631500244
708,g0ktlz6i,whole-sweep-3,0.6,48,0,1,5.599822998046875
709,g0ktlz6i,whole-sweep-3,0.6,315,0,-1,21.18005871772766
710,g0ktlz6i,whole-sweep-3,0.6,281,0,-1,18.733184576034546
711,g0ktlz6i,whole-sweep-3,0.6,49,0,1,3.08383846282959
712,g0ktlz6i,whole-sweep-3,0.6,443,0,-1,29.399309873580933
713,g0ktlz6i,whole-sweep-3,0.6,305,0,-1,20.26408052444458
714,g0ktlz6i,whole-sweep-3,0.6,294,0,-1,19.77481436729431
715,g0ktlz6i,whole-sweep-3,0.6,290,0,-1,19.269148588180542
716,g0ktlz6i,whole-sweep-3,0.6,323,0,-1,21.620469093322754
717,g0ktlz6i,whole-sweep-3,0.6,49,0,1,5.623459100723267
718,g0ktlz6i,whole-sweep-3,0.6,286,0,-1,19.05536723136902
719,g0ktlz6i,whole-sweep-3,0.6,50,0,1,5.695054769515991
720,g0ktlz6i,whole-sweep-3,0.6,292,0,-1,19.431954622268677
721,g0ktlz6i,whole-sweep-3,0.6,266,0,-1,17.678493976593018
722,g0ktlz6i,whole-sweep-3,0.6,275,0,1,20.9931697845459
723,g0ktlz6i,whole-sweep-3,0.6,430,0,-1,28.397181272506714
724,g0ktlz6i,whole-sweep-3,0.6,276,0,-1,18.6357479095459
725,g0ktlz6i,whole-sweep-3,0.6,517,0,-1,34.26680326461792
726,g0ktlz6i,whole-sweep-3,0.6,280,0,-1,18.565016984939575
727,g0ktlz6i,whole-sweep-3,0.6,422,0,-1,27.814915657043457
728,g0ktlz6i,whole-sweep-3,0.6,519,0,-1,36.128910303115845
729,g0ktlz6i,whole-sweep-3,0.6,497,0,-1,33.40144968032837
730,g0ktlz6i,whole-sweep-3,0.6,523,0,-1,35.373056411743164
731,g0ktlz6i,whole-sweep-3,0.6,442,0,-1,29.65236234664917
732,g0ktlz6i,whole-sweep-3,0.6,338,0,-1,22.61916470527649
733,g0ktlz6i,whole-sweep-3,0.6,299,0,-1,20.04615831375122
734,g0ktlz6i,whole-sweep-3,0.6,332,0,-1,22.26277470588684
735,g0ktlz6i,whole-sweep-3,0.6,283,0,-1,18.97617220878601
736,g0ktlz6i,whole-sweep-3,0.6,260,0,-1,17.53828001022339
737,g0ktlz6i,whole-sweep-3,0.6,269,0,1,20.92465591430664
738,g0ktlz6i,whole-sweep-3,0.6,279,0,-1,18.87121891975403
739,g0ktlz6i,whole-sweep-3,0.6,374,0,-1,25.03976058959961
740,g0ktlz6i,whole-sweep-3,0.6,294,0,-1,19.83716607093811
741,g0ktlz6i,whole-sweep-3,0.6,333,0,-1,22.301042556762695
742,g0ktlz6i,whole-sweep-3,0.6,510,0,-1,34.55117630958557
743,g0ktlz6i,whole-sweep-3,0.6,332,0,-1,22.43200945854187
744,g0ktlz6i,whole-sweep-3,0.6,269,0,-1,18.098081827163696
745,g0ktlz6i,whole-sweep-3,0.6,600,0,-1,40.86543679237366
746,g0ktlz6i,whole-sweep-3,0.6,401,0,-1,26.996742725372314
747,g0ktlz6i,whole-sweep-3,0.6,281,0,-1,19.020589113235474
748,g0ktlz6i,whole-sweep-3,0.6,293,0,-1,19.847803831100464
749,g0ktlz6i,whole-sweep-3,0.6,260,0,-1,17.48750591278076
750,g0ktlz6i,whole-sweep-3,0.6,292,0,-1,19.624616384506226
751,g0ktlz6i,whole-sweep-3,0.6,283,0,-1,19.046516180038452
752,g0ktlz6i,whole-sweep-3,0.6,255,0,-1,17.370671033859253
753,g0ktlz6i,whole-sweep-3,0.6,40,0,1,5.117543697357178
754,g0ktlz6i,whole-sweep-3,0.6,491,0,-1,33.25432801246643
755,g0ktlz6i,whole-sweep-3,0.6,290,0,-1,20.238438606262207
756,g0ktlz6i,whole-sweep-3,0.6,366,0,-1,24.775278568267822
757,g0ktlz6i,whole-sweep-3,0.6,269,0,-1,18.040207386016846
758,g0ktlz6i,whole-sweep-3,0.6,295,0,-1,19.896483898162842
759,g0ktlz6i,whole-sweep-3,0.6,569,0,-1,38.96592140197754
760,g0ktlz6i,whole-sweep-3,0.6,48,0,1,3.1168246269226074
761,g0ktlz6i,whole-sweep-3,0.6,48,0,1,5.660163879394531
762,g0ktlz6i,whole-sweep-3,0.6,280,0,-1,18.99594497680664
763,g0ktlz6i,whole-sweep-3,0.6,45,0,1,5.405296325683594
764,g0ktlz6i,whole-sweep-3,0.6,272,0,-1,18.29351282119751
765,g0ktlz6i,whole-sweep-3,0.6,287,0,-1,19.292023181915283
766,g0ktlz6i,whole-sweep-3,0.6,666,0,-1,45.467517614364624
767,g0ktlz6i,whole-sweep-3,0.6,556,0,-1,37.65102005004883
768,g0ktlz6i,whole-sweep-3,0.6,251,0,-1,16.90511178970337
769,g0ktlz6i,whole-sweep-3,0.6,404,0,-1,27.00694513320923
770,g0ktlz6i,whole-sweep-3,0.6,535,0,-1,36.03326630592346
771,g0ktlz6i,whole-sweep-3,0.6,517,0,-1,34.79649758338928
772,g0ktlz6i,whole-sweep-3,0.6,293,0,-1,19.69102120399475
773,g0ktlz6i,whole-sweep-3,0.6,341,0,-1,22.76079249382019
774,g0ktlz6i,whole-sweep-3,0.6,49,0,1,3.135988235473633
775,g0ktlz6i,whole-sweep-3,0.6,397,0,-1,26.675490617752075
776,g0ktlz6i,whole-sweep-3,0.6,53,0,1,5.877870798110962
777,g0ktlz6i,whole-sweep-3,0.6,420,0,-1,28.101487159729004
778,g0ktlz6i,whole-sweep-3,0.6,42,0,1,5.223676919937134
779,g0ktlz6i,whole-sweep-3,0.6,288,0,-1,19.451098442077637
780,g0ktlz6i,whole-sweep-3,0.6,298,0,-1,20.11946129798889
781,g0ktlz6i,whole-sweep-3,0.6,690,0,-1,47.54058861732483
782,g0ktlz6i,whole-sweep-3,0.6,280,0,-1,19.04652738571167
783,g0ktlz6i,whole-sweep-3,0.6,291,0,-1,19.628600597381592
784,g0ktlz6i,whole-sweep-3,0.6,260,0,-1,17.568875551223755
785,g0ktlz6i,whole-sweep-3,0.6,314,0,-1,21.005903005599976
786,g0ktlz6i,whole-sweep-3,0.6,281,0,-1,18.755050659179688
787,g0ktlz6i,whole-sweep-3,0.6,482,0,-1,32.39669346809387
788,g0ktlz6i,whole-sweep-3,0.6,291,0,-1,19.439732789993286
789,g0ktlz6i,whole-sweep-3,0.6,238,0,-1,16.119986534118652
790,g0ktlz6i,whole-sweep-3,0.6,402,0,-1,27.018357753753662
791,g0ktlz6i,whole-sweep-3,0.6,466,0,-1,31.462644577026367
792,g0ktlz6i,whole-sweep-3,0.6,49,0,1,3.119518518447876
793,g0ktlz6i,whole-sweep-3,0.6,256,0,-1,17.206088304519653
794,g0ktlz6i,whole-sweep-3,0.6,54,0,1,5.956896781921387
795,g0ktlz6i,whole-sweep-3,0.6,294,0,-1,19.789251565933228
796,g0ktlz6i,whole-sweep-3,0.6,304,0,-1,20.388739585876465
797,g0ktlz6i,whole-sweep-3,0.6,436,0,-1,29.234424591064453
798,g0ktlz6i,whole-sweep-3,0.6,610,0,-1,41.47764801979065
799,g0ktlz6i,whole-sweep-3,0.6,297,0,-1,19.891252756118774
800,g0ktlz6i,whole-sweep-3,0.6,456,0,-1,30.63727617263794
801,g0ktlz6i,whole-sweep-3,0.6,358,0,-1,23.996073722839355
802,g0ktlz6i,whole-sweep-3,0.6,48,0,1,5.598367691040039
803,g0ktlz6i,whole-sweep-3,0.6,273,0,-1,18.33714008331299
804,g0ktlz6i,whole-sweep-3,0.6,470,0,-1,31.619342803955078
805,g0ktlz6i,whole-sweep-3,0.6,490,0,-1,34.252573013305664
806,g0ktlz6i,whole-sweep-3,0.6,53,0,1,5.943355083465576
807,g0ktlz6i,whole-sweep-3,0.6,49,0,1,5.683518886566162
808,g0ktlz6i,whole-sweep-3,0.6,291,0,-1,19.676695585250854
809,g0ktlz6i,whole-sweep-3,0.6,288,0,-1,19.294899940490723
810,g0ktlz6i,whole-sweep-3,0.6,275,0,-1,18.454148530960083
811,g0ktlz6i,whole-sweep-3,0.6,328,0,-1,22.047956705093384
812,g0ktlz6i,whole-sweep-3,0.6,295,0,-1,19.74261236190796
813,g0ktlz6i,whole-sweep-3,0.6,291,0,-1,19.646131992340088
814,g0ktlz6i,whole-sweep-3,0.6,252,0,-1,17.116121768951416
815,g0ktlz6i,whole-sweep-3,0.6,489,0,-1,33.11062812805176
816,g0ktlz6i,whole-sweep-3,0.6,426,0,-1,28.77066445350647
817,g0ktlz6i,whole-sweep-3,0.6,366,0,-1,24.610395193099976
818,g0ktlz6i,whole-sweep-3,0.6,47,0,1,3.0019872188568115
819,g0ktlz6i,whole-sweep-3,0.6,49,0,1,5.72127890586853
820,g0ktlz6i,whole-sweep-3,0.6,281,0,-1,19.0102379322052
821,g0ktlz6i,whole-sweep-3,0.6,286,0,-1,19.055389404296875
822,g0ktlz6i,whole-sweep-3,0.6,278,0,-1,18.662393808364868
823,g0ktlz6i,whole-sweep-3,0.6,254,0,-1,17.158836841583252
824,g0ktlz6i,whole-sweep-3,0.6,289,0,-1,19.478556156158447
825,g0ktlz6i,whole-sweep-3,0.6,457,0,-1,30.781906366348267
826,g0ktlz6i,whole-sweep-3,0.6,389,0,-1,26.1055166721344
827,g0ktlz6i,whole-sweep-3,0.6,248,0,-1,16.827930450439453
828,g0ktlz6i,whole-sweep-3,0.6,445,0,-1,29.86732268333435
829,g0ktlz6i,whole-sweep-3,0.6,292,0,-1,19.585717916488647
830,g0ktlz6i,whole-sweep-3,0.6,45,0,1,5.369571208953857
831,g0ktlz6i,whole-sweep-3,0.6,39,0,1,5.073740243911743
832,g0ktlz6i,whole-sweep-3,0.6,386,0,-1,25.85322904586792
833,g0ktlz6i,whole-sweep-3,0.6,237,0,-1,16.00937032699585
834,g0ktlz6i,whole-sweep-3,0.6,848,0,-1,59.414488315582275
835,g0ktlz6i,whole-sweep-3,0.6,297,0,-1,19.89665913581848
836,g0ktlz6i,whole-sweep-3,0.6,695,0,-1,47.994354486465454
837,g0ktlz6i,whole-sweep-3,0.6,811,0,-1,57.04300832748413
838,g0ktlz6i,whole-sweep-3,0.6,53,0,1,6.030529737472534
839,g0ktlz6i,whole-sweep-3,0.6,277,0,-1,18.89642310142517
840,g0ktlz6i,whole-sweep-3,0.6,48,0,1,5.617661714553833
841,g0ktlz6i,whole-sweep-3,0.6,264,0,-1,17.919008016586304
842,g0ktlz6i,whole-sweep-3,0.6,289,0,-1,19.430825233459473
843,g0ktlz6i,whole-sweep-3,0.6,533,0,-1,36.12577199935913
844,g0ktlz6i,whole-sweep-3,0.6,280,0,-1,18.797613859176636
845,g0ktlz6i,whole-sweep-3,0.6,261,0,-1,17.726678133010864
846,g0ktlz6i,whole-sweep-3,0.6,288,0,-1,19.31549048423767
847,g0ktlz6i,whole-sweep-3,0.6,489,0,-1,33.044424057006836
848,g0ktlz6i,whole-sweep-3,0.6,264,0,-1,17.79020357131958
849,g0ktlz6i,whole-sweep-3,0.6,395,0,-1,27.4660964012146
850,g0ktlz6i,whole-sweep-3,0.6,306,0,-1,20.64381504058838
851,g0ktlz6i,whole-sweep-3,0.6,48,0,1,5.630711555480957
852,g0ktlz6i,whole-sweep-3,0.6,302,0,-1,20.406923055648804
853,g0ktlz6i,whole-sweep-3,0.6,41,0,1,5.176968574523926
854,g0ktlz6i,whole-sweep-3,0.6,355,0,-1,23.832684755325317
855,g0ktlz6i,whole-sweep-3,0.6,274,0,-1,18.384074926376343
856,g0ktlz6i,whole-sweep-3,0.6,262,1,1,20.292879581451416
857,g0ktlz6i,whole-sweep-3,0.6,248,0,-1,16.75340485572815
858,g0ktlz6i,whole-sweep-3,0.6,280,0,-1,18.850802421569824
859,g0ktlz6i,whole-sweep-3,0.6,380,0,-1,25.500556707382202
860,g0ktlz6i,whole-sweep-3,0.6,279,0,-1,18.771562814712524
861,g0ktlz6i,whole-sweep-3,0.6,568,0,-1,38.84083437919617
862,g0ktlz6i,whole-sweep-3,0.6,47,0,1,5.5463807582855225
863,g0ktlz6i,whole-sweep-3,0.6,692,0,-1,47.41913056373596
864,g0ktlz6i,whole-sweep-3,0.6,269,0,-1,18.08605933189392
865,g0ktlz6i,whole-sweep-3,0.6,276,0,-1,18.46770453453064
866,g0ktlz6i,whole-sweep-3,0.6,277,0,-1,18.4709255695343
867,g0ktlz6i,whole-sweep-3,0.6,393,0,-1,27.474504947662354
868,g0ktlz6i,whole-sweep-3,0.6,624,0,-1,42.76995825767517
869,g0ktlz6i,whole-sweep-3,0.6,395,0,-1,26.67549157142639
870,g0ktlz6i,whole-sweep-3,0.6,272,0,-1,18.30672788619995
871,g0ktlz6i,whole-sweep-3,0.6,300,0,-1,20.175893545150757
872,g0ktlz6i,whole-sweep-3,0.6,265,0,-1,17.847071886062622
873,g0ktlz6i,whole-sweep-3,0.6,51,0,1,5.785719156265259
874,g0ktlz6i,whole-sweep-3,0.6,646,0,-1,44.400447607040405
875,g0ktlz6i,whole-sweep-3,0.6,685,0,-1,47.10965442657471
876,g0ktlz6i,whole-sweep-3,0.6,50,0,1,5.73483681678772
877,g0ktlz6i,whole-sweep-3,0.6,276,0,1,21.32027506828308
878,g0ktlz6i,whole-sweep-3,0.6,282,0,-1,18.893503427505493
879,g0ktlz6i,whole-sweep-3,0.6,373,0,-1,24.844290018081665
880,g0ktlz6i,whole-sweep-3,0.6,281,0,1,21.606598615646362
881,g0ktlz6i,whole-sweep-3,0.6,281,0,-1,18.976945877075195
882,g0ktlz6i,whole-sweep-3,0.6,535,0,-1,36.31337857246399
883,g0ktlz6i,whole-sweep-3,0.6,286,0,-1,19.18747878074646
884,g0ktlz6i,whole-sweep-3,0.6,339,0,-1,23.539857625961304
885,g0ktlz6i,whole-sweep-3,0.6,280,0,-1,18.817912340164185
886,g0ktlz6i,whole-sweep-3,0.6,286,0,-1,19.217432498931885
887,g0ktlz6i,whole-sweep-3,0.6,472,0,-1,32.54075813293457
888,g0ktlz6i,whole-sweep-3,0.6,615,0,-1,41.80303335189819
889,g0ktlz6i,whole-sweep-3,0.6,274,0,-1,18.46250605583191
890,g0ktlz6i,whole-sweep-3,0.6,393,0,-1,26.25862407684326
891,g0ktlz6i,whole-sweep-3,0.6,370,0,-1,24.72039818763733
892,g0ktlz6i,whole-sweep-3,0.6,480,0,-1,32.203855991363525
893,g0ktlz6i,whole-sweep-3,0.6,49,0,1,5.661743879318237
894,g0ktlz6i,whole-sweep-3,0.6,41,0,1,2.701679229736328
895,g0ktlz6i,whole-sweep-3,0.6,413,0,-1,27.797349214553833
896,g0ktlz6i,whole-sweep-3,0.6,367,0,-1,24.555227518081665
897,g0ktlz6i,whole-sweep-3,0.6,273,0,-1,18.33427619934082
898,g0ktlz6i,whole-sweep-3,0.6,257,0,-1,17.36475896835327
899,g0ktlz6i,whole-sweep-3,0.6,46,0,1,5.519695520401001
900,g0ktlz6i,whole-sweep-3,0.6,468,0,-1,31.57524013519287
901,g0ktlz6i,whole-sweep-3,0.6,503,0,-1,35.01246523857117
902,g0ktlz6i,whole-sweep-3,0.6,365,0,-1,24.585083723068237
903,g0ktlz6i,whole-sweep-3,0.6,272,0,-1,18.339927196502686
904,g0ktlz6i,whole-sweep-3,0.6,347,0,-1,23.27697205543518
905,g0ktlz6i,whole-sweep-3,0.6,342,0,-1,22.835707664489746
906,g0ktlz6i,whole-sweep-3,0.6,343,0,-1,23.999188899993896
907,g0ktlz6i,whole-sweep-3,0.6,347,0,-1,23.35541844367981
908,g0ktlz6i,whole-sweep-3,0.6,438,0,-1,29.265968084335327
909,g0ktlz6i,whole-sweep-3,0.6,271,0,-1,18.17719864845276
910,g0ktlz6i,whole-sweep-3,0.6,324,0,-1,21.805419206619263
911,g0ktlz6i,whole-sweep-3,0.6,476,0,-1,32.01312279701233
912,g0ktlz6i,whole-sweep-3,0.6,271,0,-1,18.349915981292725
913,g0ktlz6i,whole-sweep-3,0.6,46,0,1,5.477534294128418
914,g0ktlz6i,whole-sweep-3,0.6,446,0,-1,30.06223154067993
915,g0ktlz6i,whole-sweep-3,0.6,48,0,1,3.0794858932495117
916,g0ktlz6i,whole-sweep-3,0.6,49,0,1,3.138197183609009
917,g0ktlz6i,whole-sweep-3,0.6,52,0,1,5.87311315536499
918,g0ktlz6i,whole-sweep-3,0.6,420,0,-1,28.251381397247314
919,g0ktlz6i,whole-sweep-3,0.6,285,0,-1,19.232251405715942
920,g0ktlz6i,whole-sweep-3,0.6,502,0,-1,34.11099863052368
921,g0ktlz6i,whole-sweep-3,0.6,403,0,-1,27.0592679977417
922,g0ktlz6i,whole-sweep-3,0.6,287,0,-1,19.38077163696289
923,g0ktlz6i,whole-sweep-3,0.6,276,1,1,21.242663145065308
924,g0ktlz6i,whole-sweep-3,0.6,50,0,1,5.771353483200073
925,g0ktlz6i,whole-sweep-3,0.6,277,0,-1,18.80237126350403
926,g0ktlz6i,whole-sweep-3,0.6,384,1,1,28.511595487594604
927,g0ktlz6i,whole-sweep-3,0.6,484,0,-1,32.63701772689819
928,g0ktlz6i,whole-sweep-3,0.6,484,0,-1,33.27492880821228
929,g0ktlz6i,whole-sweep-3,0.6,295,0,-1,19.968056678771973
930,g0ktlz6i,whole-sweep-3,0.6,469,0,-1,31.54359197616577
931,g0ktlz6i,whole-sweep-3,0.6,50,0,1,5.704287052154541
932,g0ktlz6i,whole-sweep-3,0.6,326,0,-1,21.84073805809021
933,g0ktlz6i,whole-sweep-3,0.6,274,0,-1,18.494367599487305
934,g0ktlz6i,whole-sweep-3,0.6,287,0,-1,19.432913780212402
935,g0ktlz6i,whole-sweep-3,0.6,395,0,-1,26.36068081855774
936,g0ktlz6i,whole-sweep-3,0.6,410,0,-1,27.432260274887085
937,g0ktlz6i,whole-sweep-3,0.6,41,0,1,2.6467456817626953
938,g0ktlz6i,whole-sweep-3,0.6,329,0,-1,21.992972373962402
939,g0ktlz6i,whole-sweep-3,0.6,46,0,-1,4.2291975021362305
940,g0ktlz6i,whole-sweep-3,0.6,265,0,-1,17.79803967475891
941,g0ktlz6i,whole-sweep-3,0.6,321,0,-1,21.537484645843506
942,g0ktlz6i,whole-sweep-3,0.6,238,0,-1,16.146878242492676
943,g0ktlz6i,whole-sweep-3,0.6,50,0,1,3.186258316040039
944,g0ktlz6i,whole-sweep-3,0.6,477,0,-1,32.1099808216095
945,g0ktlz6i,whole-sweep-3,0.6,257,0,-1,17.355541229248047
946,g0ktlz6i,whole-sweep-3,0.6,512,0,-1,34.44720697402954
947,g0ktlz6i,whole-sweep-3,0.6,378,0,-1,25.27776026725769
948,g0ktlz6i,whole-sweep-3,0.6,267,0,-1,17.91621685028076
949,g0ktlz6i,whole-sweep-3,0.6,403,0,-1,27.40500831604004
950,g0ktlz6i,whole-sweep-3,0.6,407,0,-1,27.49714159965515
951,g0ktlz6i,whole-sweep-3,0.6,51,0,1,5.824491739273071
952,g0ktlz6i,whole-sweep-3,0.6,41,0,1,5.271425485610962
953,g0ktlz6i,whole-sweep-3,0.6,49,0,1,3.189925193786621
954,g0ktlz6i,whole-sweep-3,0.6,370,0,-1,25.0671329498291
955,g0ktlz6i,whole-sweep-3,0.6,283,0,-1,19.193782567977905
956,g0ktlz6i,whole-sweep-3,0.6,611,0,-1,41.67499017715454
957,g0ktlz6i,whole-sweep-3,0.6,301,1,1,23.008562088012695
958,g0ktlz6i,whole-sweep-3,0.6,511,0,-1,34.60455369949341
959,g0ktlz6i,whole-sweep-3,0.6,521,0,-1,35.25820708274841
960,g0ktlz6i,whole-sweep-3,0.6,47,0,1,3.024702548980713
961,g0ktlz6i,whole-sweep-3,0.6,495,0,-1,33.47978949546814
962,g0ktlz6i,whole-sweep-3,0.6,285,0,-1,19.258272171020508
963,g0ktlz6i,whole-sweep-3,0.6,50,0,1,5.738508462905884
964,g0ktlz6i,whole-sweep-3,0.6,50,0,1,5.76116943359375
965,g0ktlz6i,whole-sweep-3,0.6,276,0,-1,18.662590265274048
966,g0ktlz6i,whole-sweep-3,0.6,259,0,-1,17.474626779556274
967,g0ktlz6i,whole-sweep-3,0.6,280,0,1,21.525336980819702
968,g0ktlz6i,whole-sweep-3,0.6,565,0,-1,38.25649833679199
969,g0ktlz6i,whole-sweep-3,0.6,388,0,-1,25.97454595565796
970,g0ktlz6i,whole-sweep-3,0.6,500,0,-1,34.68182039260864
971,g0ktlz6i,whole-sweep-3,0.6,278,0,-1,18.85210371017456
972,g0ktlz6i,whole-sweep-3,0.6,747,0,-1,51.68640971183777
973,g0ktlz6i,whole-sweep-3,0.6,504,0,-1,34.06161046028137
974,g0ktlz6i,whole-sweep-3,0.6,51,0,1,5.7857818603515625
975,g0ktlz6i,whole-sweep-3,0.6,299,0,-1,20.141528367996216
976,g0ktlz6i,whole-sweep-3,0.6,319,0,-1,21.30167317390442
977,g0ktlz6i,whole-sweep-3,0.6,346,0,-1,23.212538242340088
978,g0ktlz6i,whole-sweep-3,0.6,301,0,-1,20.160365343093872
979,g0ktlz6i,whole-sweep-3,0.6,49,0,1,5.6628522872924805
980,g0ktlz6i,whole-sweep-3,0.6,655,0,-1,44.80067038536072
981,g0ktlz6i,whole-sweep-3,0.6,442,0,-1,29.88764715194702
982,g0ktlz6i,whole-sweep-3,0.6,295,0,-1,19.92201519012451
983,g0ktlz6i,whole-sweep-3,0.6,49,0,1,5.638631582260132
984,g0ktlz6i,whole-sweep-3,0.6,274,0,-1,18.67228651046753
985,g0ktlz6i,whole-sweep-3,0.6,283,0,-1,19.138959884643555
986,g0ktlz6i,whole-sweep-3,0.6,521,0,-1,35.26106810569763
987,g0ktlz6i,whole-sweep-3,0.6,253,0,-1,17.082114219665527
988,g0ktlz6i,whole-sweep-3,0.6,254,0,-1,17.1251802444458
989,g0ktlz6i,whole-sweep-3,0.6,453,0,-1,30.40672492980957
990,g0ktlz6i,whole-sweep-3,0.6,47,0,1,3.0260369777679443
991,g0ktlz6i,whole-sweep-3,0.6,53,0,1,5.889565706253052
992,g0ktlz6i,whole-sweep-3,0.6,304,0,-1,20.469763040542603
993,g0ktlz6i,whole-sweep-3,0.6,461,0,-1,31.25864815711975
994,g0ktlz6i,whole-sweep-3,0.6,287,0,-1,19.87791609764099
995,g0ktlz6i,whole-sweep-3,0.6,397,0,-1,27.47804093360901
996,g0ktlz6i,whole-sweep-3,0.6,271,0,-1,18.70954179763794
997,g0ktlz6i,whole-sweep-3,0.6,275,0,-1,19.046895027160645
998,g0ktlz6i,whole-sweep-3,0.6,261,0,-1,18.087444067001343
999,g0ktlz6i,whole-sweep-3,0.6,281,0,-1,19.4505136013031
